{"playerData":{"playerStats":[100.0,1997.0,98.0],"playerPositionAndRotation":[36.04231643676758,3.179999828338623,18.45587921142578,0.30961599946022036,0.48686495423316958,-0.18975119292736054],"inventoryContent":[],"quickSlotsContent":[]},"enviromentData":{"pickedupItems":["iron1","iron"],"treeData":[{"name":"Tree_Parent","position":{"x":15.209266662597657,"y":1.7000001668930054,"z":19.982810974121095},"rotation":{"x":0.0,"y":0.0,"z":0.0}},{"name":"Tree_Parent","position":{"x":30.68375587463379,"y":1.7000001668930054,"z":37.142333984375},"rotation":{"x":0.0,"y":0.0,"z":0.0}},{"name":"Tree_Parent","position":{"x":47.17613983154297,"y":1.6999963521957398,"z":64.46735382080078},"rotation":{"x":0.0,"y":0.0,"z":0.0}},{"name":"Tree_Parent","position":{"x":41.703399658203128,"y":1.7000001668930054,"z":36.582252502441409},"rotation":{"x":0.0,"y":0.0,"z":0.0}}],"animals":["Rabbit 1","Rabbit 1 (1)","Rabbit 1 (2)"],"storage":[{"items":["Iron","Iron"],"position":{"x":38.102622985839847,"y":1.7473119497299195,"z":21.597793579101564},"rotation":{"x":0.007145673036575317,"y":0.854423463344574,"z":0.011754900217056275}}]}}