{"playerData":{"playerStats":[100.0,1985.0,97.0],"playerPositionAndRotation":[52.17534255981445,3.179999828338623,47.09528732299805,0.0,0.36029544472694399,0.0],"inventoryContent":["Stick","Stick","Stick","Stone"],"quickSlotsContent":[]},"enviromentData":{"pickedupItems":["Stick2","Stick1","Stick4","Stone2"]}}